,media,duree
2,Chaînes TV infos,10624.066666666664
3,YouTube,7513.466666666666
0,Radio,4169.033333333333
1,Chaînes TV généralistes,1742.966666666667
